{
    "metrics": {
        "http_req_blocked": {
            "med": 0.003228,
            "max": 25.926687,
            "p(90)": 0.00514,
            "p(95)": 0.006083,
            "avg": 0.005349790701054754,
            "min": 0.000992
        },
        "vus": {
            "value": 1,
            "min": 1,
            "max": 100
        },
        "http_req_duration{expected_response:true}": {
            "min": 1.023895,
            "med": 2.0197635,
            "max": 2510.938651,
            "p(90)": 3.1839128999999997,
            "p(95)": 3.93579475,
            "avg": 2.7708602290158915
        },
        "http_req_connecting": {
            "avg": 0.0010989932338449208,
            "min": 0,
            "med": 0,
            "max": 25.809558,
            "p(90)": 0,
            "p(95)": 0
        },
        "http_req_tls_handshaking": {
            "p(90)": 0,
            "p(95)": 0,
            "avg": 0,
            "min": 0,
            "med": 0,
            "max": 0
        },
        "http_req_waiting": {
            "min": 0.96967,
            "med": 1.968381,
            "max": 2510.029634,
            "p(90)": 3.1236599000000003,
            "p(95)": 3.8686835499999996,
            "avg": 2.7044814943576108
        },
        "checks": {
            "passes": 254502,
            "fails": 0,
            "value": 1
        },
        "http_req_receiving": {
            "avg": 0.05305670686281497,
            "min": 0.006916,
            "med": 0.030766,
            "max": 2494.990362,
            "p(90)": 0.063108,
            "p(95)": 0.08175594999999998
        },
        "iteration_duration": {
            "avg": 155.16889811387702,
            "min": 152.467187,
            "med": 154.736668,
            "max": 198.500748,
            "p(90)": 156.874503,
            "p(95)": 158.19827650000002
        },
        "data_received": {
            "count": 31685499,
            "rate": 119558.94066508817
        },
        "http_req_sending": {
            "p(90)": 0.016902,
            "p(95)": 0.02833094999999998,
            "avg": 0.013322027795460092,
            "min": 0.003363,
            "med": 0.010225,
            "max": 3.153272
        },
        "http_req_duration": {
            "min": 1.023895,
            "med": 2.0197635,
            "max": 2510.938651,
            "p(90)": 3.1839128999999997,
            "p(95)": 3.93579475,
            "avg": 2.7708602290158915,
            "thresholds": {
                "p(95)<500": false
            }
        },
        "http_req_failed": {
            "passes": 0,
            "fails": 254502,
            "thresholds": {
                "rate<0.05": false
            },
            "value": 0
        },
        "vus_max": {
            "value": 100,
            "min": 100,
            "max": 100
        },
        "iterations": {
            "count": 127251,
            "rate": 480.1563882132055
        },
        "data_sent": {
            "count": 43591467,
            "rate": 164483.74748831158
        },
        "http_reqs": {
            "rate": 960.312776426411,
            "count": 254502
        }
    },
    "root_group": {
        "name": "",
        "path": "",
        "id": "d41d8cd98f00b204e9800998ecf8427e",
        "groups": {},
        "checks": {
                "health status is 200": {
                    "name": "health status is 200",
                    "path": "::health status is 200",
                    "id": "ab698ad652ee317628077e42e47eda00",
                    "passes": 127251,
                    "fails": 0
                },
                "order status is 200/201": {
                    "name": "order status is 200/201",
                    "path": "::order status is 200/201",
                    "id": "524594056c459d513e1ee4c376c7adb4",
                    "passes": 127251,
                    "fails": 0
                }
            }
    }
}